{"v":"4.7.0","fr":30,"ip":0,"op":181,"w":350,"h":363,"nm":"Cards","ddd":0,"assets":[],"layers":[{"ddd":0,"ind":1,"ty":3,"nm":"Null 2","ks":{"o":{"a":0,"k":0},"r":{"a":0,"k":0},"p":{"a":0,"k":[175,181.5,0]},"a":{"a":0,"k":[0,0,0]},"s":{"a":0,"k":[250,250,100]}},"ao":0,"ip":0,"op":600,"st":0,"bm":0,"sr":1},{"ddd":0,"ind":2,"ty":4,"nm":"W 2","parent":1,"ks":{"o":{"a":1,"k":[{"i":{"x":[0.833],"y":[0.833]},"o":{"x":[0.167],"y":[0.167]},"n":["0p833_0p833_0p167_0p167"],"t":0,"s":[0],"e":[0]},{"i":{"x":[0.833],"y":[0.833]},"o":{"x":[0.167],"y":[0.167]},"n":["0p833_0p833_0p167_0p167"],"t":28,"s":[0],"e":[100]},{"i":{"x":[0.833],"y":[0.833]},"o":{"x":[0.167],"y":[0.167]},"n":["0p833_0p833_0p167_0p167"],"t":29,"s":[100],"e":[100]},{"i":{"x":[0.833],"y":[0.833]},"o":{"x":[0.167],"y":[0.167]},"n":["0p833_0p833_0p167_0p167"],"t":60,"s":[100],"e":[0]},{"i":{"x":[0.833],"y":[0.833]},"o":{"x":[0.167],"y":[0.167]},"n":["0p833_0p833_0p167_0p167"],"t":61,"s":[0],"e":[0]},{"t":90,"s":[0],"h":1},{"i":{"x":[0.833],"y":[0.833]},"o":{"x":[0.167],"y":[0.167]},"n":["0p833_0p833_0p167_0p167"],"t":91,"s":[0],"e":[0]},{"i":{"x":[0.833],"y":[0.833]},"o":{"x":[0.167],"y":[0.167]},"n":["0p833_0p833_0p167_0p167"],"t":180,"s":[0],"e":[0]},{"i":{"x":[0.833],"y":[0.833]},"o":{"x":[0.167],"y":[0.167]},"n":["0p833_0p833_0p167_0p167"],"t":208,"s":[0],"e":[100]},{"i":{"x":[0.833],"y":[0.833]},"o":{"x":[0.167],"y":[0.167]},"n":["0p833_0p833_0p167_0p167"],"t":209,"s":[100],"e":[100]},{"i":{"x":[0.833],"y":[0.833]},"o":{"x":[0.167],"y":[0.167]},"n":["0p833_0p833_0p167_0p167"],"t":240,"s":[100],"e":[0]},{"i":{"x":[0.833],"y":[0.833]},"o":{"x":[0.167],"y":[0.167]},"n":["0p833_0p833_0p167_0p167"],"t":241,"s":[0],"e":[0]},{"t":270,"s":[0],"h":1},{"i":{"x":[0.833],"y":[0.833]},"o":{"x":[0.167],"y":[0.167]},"n":["0p833_0p833_0p167_0p167"],"t":361,"s":[0],"e":[0]},{"i":{"x":[0.833],"y":[0.833]},"o":{"x":[0.167],"y":[0.167]},"n":["0p833_0p833_0p167_0p167"],"t":389,"s":[0],"e":[100]},{"i":{"x":[0.833],"y":[0.833]},"o":{"x":[0.167],"y":[0.167]},"n":["0p833_0p833_0p167_0p167"],"t":390,"s":[100],"e":[100]},{"i":{"x":[0.833],"y":[0.833]},"o":{"x":[0.167],"y":[0.167]},"n":["0p833_0p833_0p167_0p167"],"t":421,"s":[100],"e":[0]},{"i":{"x":[0.833],"y":[0.833]},"o":{"x":[0.167],"y":[0.167]},"n":["0p833_0p833_0p167_0p167"],"t":422,"s":[0],"e":[0]},{"t":451,"s":[0],"h":1},{"i":{"x":[0.833],"y":[0.833]},"o":{"x":[0.167],"y":[0.167]},"n":["0p833_0p833_0p167_0p167"],"t":492,"s":[0],"e":[0]},{"i":{"x":[0.833],"y":[0.833]},"o":{"x":[0.167],"y":[0.167]},"n":["0p833_0p833_0p167_0p167"],"t":520,"s":[0],"e":[100]},{"i":{"x":[0.833],"y":[0.833]},"o":{"x":[0.167],"y":[0.167]},"n":["0p833_0p833_0p167_0p167"],"t":521,"s":[100],"e":[100]},{"i":{"x":[0.833],"y":[0.833]},"o":{"x":[0.167],"y":[0.167]},"n":["0p833_0p833_0p167_0p167"],"t":552,"s":[100],"e":[0]},{"i":{"x":[0.833],"y":[0.833]},"o":{"x":[0.167],"y":[0.167]},"n":["0p833_0p833_0p167_0p167"],"t":553,"s":[0],"e":[0]},{"t":582,"s":[0],"h":1}]},"r":{"a":1,"k":[{"i":{"x":[0.338],"y":[1]},"o":{"x":[0.667],"y":[0]},"n":["0p338_1_0p667_0"],"t":0,"s":[0],"e":[-360]},{"t":90,"s":[-360],"h":1},{"i":{"x":[0.667],"y":[1]},"o":{"x":[0.667],"y":[0]},"n":["0p667_1_0p667_0"],"t":91,"s":[0],"e":[0]},{"i":{"x":[0.338],"y":[1]},"o":{"x":[0.667],"y":[0]},"n":["0p338_1_0p667_0"],"t":180,"s":[0],"e":[-360]},{"t":270,"s":[-360],"h":1},{"i":{"x":[0.338],"y":[1]},"o":{"x":[0.667],"y":[0]},"n":["0p338_1_0p667_0"],"t":361,"s":[0],"e":[-360]},{"t":451,"s":[-360],"h":1},{"i":{"x":[0.338],"y":[1]},"o":{"x":[0.667],"y":[0]},"n":["0p338_1_0p667_0"],"t":492,"s":[0],"e":[-360]},{"t":582,"s":[-360],"h":1}]},"p":{"a":1,"k":[{"i":{"x":0.171,"y":1},"o":{"x":0.835,"y":0},"n":"0p171_1_0p835_0","t":0,"s":[9.835,-3.562,0],"e":[29.585,-23.562,0],"to":[3.29166674613953,-3.33333325386047,0],"ti":[4.875,-5.25,0]},{"i":{"x":0.171,"y":1},"o":{"x":0.835,"y":0},"n":"0p171_1_0p835_0","t":30,"s":[29.585,-23.562,0],"e":[-19.415,27.938,0],"to":[-4.875,5.25,0],"ti":[3.29166674613953,-3.33333325386047,0]},{"i":{"x":0.171,"y":1},"o":{"x":0.835,"y":0},"n":"0p171_1_0p835_0","t":60,"s":[-19.415,27.938,0],"e":[9.835,-3.562,0],"to":[-3.29166674613953,3.33333325386047,0],"ti":[-4.875,5.25,0]},{"t":90,"s":[9.835,-3.562,0],"h":1},{"i":{"x":0.171,"y":1},"o":{"x":0.835,"y":0},"n":"0p171_1_0p835_0","t":180,"s":[9.835,-3.562,0],"e":[29.585,-23.562,0],"to":[3.29166674613953,-3.33333325386047,0],"ti":[4.875,-5.25,0]},{"i":{"x":0.171,"y":1},"o":{"x":0.835,"y":0},"n":"0p171_1_0p835_0","t":210,"s":[29.585,-23.562,0],"e":[-19.415,27.938,0],"to":[-4.875,5.25,0],"ti":[3.29166674613953,-3.33333325386047,0]},{"i":{"x":0.171,"y":1},"o":{"x":0.835,"y":0},"n":"0p171_1_0p835_0","t":240,"s":[-19.415,27.938,0],"e":[9.835,-3.562,0],"to":[-3.29166674613953,3.33333325386047,0],"ti":[-4.875,5.25,0]},{"t":270,"s":[9.835,-3.562,0],"h":1},{"i":{"x":0.171,"y":1},"o":{"x":0.835,"y":0},"n":"0p171_1_0p835_0","t":361,"s":[9.835,-3.562,0],"e":[29.585,-23.562,0],"to":[3.29166674613953,-3.33333325386047,0],"ti":[4.875,-5.25,0]},{"i":{"x":0.171,"y":1},"o":{"x":0.835,"y":0},"n":"0p171_1_0p835_0","t":391,"s":[29.585,-23.562,0],"e":[-19.415,27.938,0],"to":[-4.875,5.25,0],"ti":[3.29166674613953,-3.33333325386047,0]},{"i":{"x":0.171,"y":1},"o":{"x":0.835,"y":0},"n":"0p171_1_0p835_0","t":421,"s":[-19.415,27.938,0],"e":[9.835,-3.562,0],"to":[-3.29166674613953,3.33333325386047,0],"ti":[-4.875,5.25,0]},{"t":451,"s":[9.835,-3.562,0],"h":1},{"i":{"x":0.171,"y":1},"o":{"x":0.835,"y":0},"n":"0p171_1_0p835_0","t":492,"s":[9.835,-3.562,0],"e":[29.585,-23.562,0],"to":[3.29166674613953,-3.33333325386047,0],"ti":[4.875,-5.25,0]},{"i":{"x":0.171,"y":1},"o":{"x":0.835,"y":0},"n":"0p171_1_0p835_0","t":522,"s":[29.585,-23.562,0],"e":[-19.415,27.938,0],"to":[-4.875,5.25,0],"ti":[3.29166674613953,-3.33333325386047,0]},{"i":{"x":0.171,"y":1},"o":{"x":0.835,"y":0},"n":"0p171_1_0p835_0","t":552,"s":[-19.415,27.938,0],"e":[9.835,-3.562,0],"to":[-3.29166674613953,3.33333325386047,0],"ti":[-4.875,5.25,0]},{"t":582,"s":[9.835,-3.562,0],"h":1}]},"a":{"a":0,"k":[92.987,342.39,0]},"s":{"a":0,"k":[100,100,100]}},"ao":0,"shapes":[{"ty":"gr","it":[{"ty":"gr","it":[{"ind":0,"ty":"sh","ix":1,"ks":{"a":0,"k":{"i":[[0,0],[0,0],[0,0],[0,0]],"o":[[0,0],[0,0],[0,0],[0,0]],"v":[[22.6,-5.322],[-23.195,1.005],[-22.599,5.322],[23.195,-1.006]],"c":true}},"nm":"Path 1","mn":"ADBE Vector Shape - Group"},{"ty":"fl","c":{"a":0,"k":[0.654,0.282,0.203,1]},"o":{"a":0,"k":100},"r":1,"nm":"Fill 1","mn":"ADBE Vector Graphic - Fill"},{"ty":"tr","p":{"a":0,"k":[91.987,334.951],"ix":2},"a":{"a":0,"k":[0,0],"ix":1},"s":{"a":0,"k":[100,100],"ix":3},"r":{"a":0,"k":0,"ix":6},"o":{"a":0,"k":100,"ix":7},"sk":{"a":0,"k":0,"ix":4},"sa":{"a":0,"k":0,"ix":5},"nm":"Transform"}],"nm":"Group 11","np":2,"cix":2,"ix":1,"mn":"ADBE Vector Group"},{"ty":"gr","it":[{"ind":0,"ty":"sh","ix":1,"ks":{"a":0,"k":{"i":[[1.271,-0.175],[0,0],[0.175,1.271],[0,0],[-1.271,0.175],[0,0],[-0.175,-1.27],[0,0]],"o":[[0,0],[-1.271,0.176],[0,0],[-0.175,-1.27],[0,0],[1.271,-0.176],[0,0],[0.176,1.271]],"v":[[22.723,12.444],[-18.497,18.139],[-21.117,16.156],[-24.706,-9.827],[-22.723,-12.444],[18.497,-18.139],[21.116,-16.158],[24.706,9.826]],"c":true}},"nm":"Path 1","mn":"ADBE Vector Shape - Group"},{"ty":"st","c":{"a":0,"k":[0.654,0.282,0.203,1]},"o":{"a":0,"k":100},"w":{"a":0,"k":2},"lc":1,"lj":1,"ml":10,"nm":"Stroke 1","mn":"ADBE Vector Graphic - Stroke"},{"ty":"fl","c":{"a":0,"k":[1,1,1,1]},"o":{"a":0,"k":100},"r":1,"nm":"Fill 1","mn":"ADBE Vector Graphic - Fill"},{"ty":"tr","p":{"a":0,"k":[92.987,342.39],"ix":2},"a":{"a":0,"k":[0,0],"ix":1},"s":{"a":0,"k":[100,100],"ix":3},"r":{"a":0,"k":0,"ix":6},"o":{"a":0,"k":100,"ix":7},"sk":{"a":0,"k":0,"ix":4},"sa":{"a":0,"k":0,"ix":5},"nm":"Transform"}],"nm":"Group 12","np":3,"cix":2,"ix":2,"mn":"ADBE Vector Group"},{"ty":"st","c":{"a":0,"k":[1,1,1,1]},"o":{"a":0,"k":100},"w":{"a":0,"k":7},"lc":1,"lj":1,"ml":4,"nm":"Stroke 1","mn":"ADBE Vector Graphic - Stroke"},{"ty":"tr","p":{"a":0,"k":[0,0],"ix":2},"a":{"a":0,"k":[0,0],"ix":1},"s":{"a":0,"k":[100,100],"ix":3},"r":{"a":0,"k":0,"ix":6},"o":{"a":0,"k":100,"ix":7},"sk":{"a":0,"k":0,"ix":4},"sa":{"a":0,"k":0,"ix":5},"nm":"Transform"}],"nm":"W","np":3,"cix":2,"ix":1,"mn":"ADBE Vector Group"}],"ip":0,"op":600,"st":0,"bm":0,"sr":1},{"ddd":0,"ind":3,"ty":4,"nm":"Y","parent":1,"ks":{"o":{"a":0,"k":100},"r":{"a":1,"k":[{"i":{"x":[0.338],"y":[1]},"o":{"x":[0.667],"y":[0]},"n":["0p338_1_0p667_0"],"t":0,"s":[0],"e":[360]},{"t":90,"s":[360],"h":1},{"i":{"x":[0.667],"y":[1]},"o":{"x":[0.667],"y":[0]},"n":["0p667_1_0p667_0"],"t":91,"s":[0],"e":[0]},{"i":{"x":[0.338],"y":[1]},"o":{"x":[0.667],"y":[0]},"n":["0p338_1_0p667_0"],"t":180,"s":[0],"e":[360]},{"t":270,"s":[360],"h":1},{"i":{"x":[0.667],"y":[1]},"o":{"x":[0.667],"y":[0]},"n":["0p667_1_0p667_0"],"t":271,"s":[0],"e":[0]},{"i":{"x":[0.338],"y":[1]},"o":{"x":[0.667],"y":[0]},"n":["0p338_1_0p667_0"],"t":361,"s":[0],"e":[360]},{"t":451,"s":[360],"h":1},{"i":{"x":[0.667],"y":[1]},"o":{"x":[0.667],"y":[0]},"n":["0p667_1_0p667_0"],"t":452,"s":[0],"e":[0]},{"i":{"x":[0.338],"y":[1]},"o":{"x":[0.667],"y":[0]},"n":["0p338_1_0p667_0"],"t":492,"s":[0],"e":[360]},{"t":582,"s":[360],"h":1},{"t":583,"s":[360],"h":1}]},"p":{"a":1,"k":[{"i":{"x":0.171,"y":1},"o":{"x":0.835,"y":0},"n":"0p171_1_0p835_0","t":0,"s":[-2.491,8.014,0],"e":[-23.991,28.764,0],"to":[-3.58333325386047,3.45833325386047,0],"ti":[-5.375,4.83333349227905,0]},{"i":{"x":0.171,"y":1},"o":{"x":0.835,"y":0},"n":"0p171_1_0p835_0","t":30,"s":[-23.991,28.764,0],"e":[29.759,-20.986,0],"to":[5.375,-4.83333349227905,0],"ti":[-3.58333325386047,3.45833325386047,0]},{"i":{"x":0.171,"y":1},"o":{"x":0.835,"y":0},"n":"0p171_1_0p835_0","t":60,"s":[29.759,-20.986,0],"e":[-2.491,8.014,0],"to":[3.58333325386047,-3.45833325386047,0],"ti":[5.375,-4.83333349227905,0]},{"t":90,"s":[-2.491,8.014,0],"h":1},{"i":{"x":0.171,"y":1},"o":{"x":0.835,"y":0},"n":"0p171_1_0p835_0","t":180,"s":[-2.491,8.014,0],"e":[-23.991,28.764,0],"to":[-3.58333325386047,3.45833325386047,0],"ti":[-5.375,4.83333349227905,0]},{"i":{"x":0.171,"y":1},"o":{"x":0.835,"y":0},"n":"0p171_1_0p835_0","t":210,"s":[-23.991,28.764,0],"e":[29.759,-20.986,0],"to":[5.375,-4.83333349227905,0],"ti":[-3.58333325386047,3.45833325386047,0]},{"i":{"x":0.171,"y":1},"o":{"x":0.835,"y":0},"n":"0p171_1_0p835_0","t":240,"s":[29.759,-20.986,0],"e":[-2.491,8.014,0],"to":[3.58333325386047,-3.45833325386047,0],"ti":[5.375,-4.83333349227905,0]},{"t":270,"s":[-2.491,8.014,0],"h":1},{"i":{"x":0.171,"y":1},"o":{"x":0.835,"y":0},"n":"0p171_1_0p835_0","t":361,"s":[-2.491,8.014,0],"e":[-23.991,28.764,0],"to":[-3.58333325386047,3.45833325386047,0],"ti":[-5.375,4.83333349227905,0]},{"i":{"x":0.171,"y":1},"o":{"x":0.835,"y":0},"n":"0p171_1_0p835_0","t":391,"s":[-23.991,28.764,0],"e":[29.759,-20.986,0],"to":[5.375,-4.83333349227905,0],"ti":[-3.58333325386047,3.45833325386047,0]},{"i":{"x":0.171,"y":1},"o":{"x":0.835,"y":0},"n":"0p171_1_0p835_0","t":421,"s":[29.759,-20.986,0],"e":[-2.491,8.014,0],"to":[3.58333325386047,-3.45833325386047,0],"ti":[5.375,-4.83333349227905,0]},{"t":451,"s":[-2.491,8.014,0],"h":1},{"i":{"x":0.171,"y":1},"o":{"x":0.835,"y":0},"n":"0p171_1_0p835_0","t":492,"s":[-2.491,8.014,0],"e":[-23.991,28.764,0],"to":[-3.58333325386047,3.45833325386047,0],"ti":[-5.375,4.83333349227905,0]},{"i":{"x":0.171,"y":1},"o":{"x":0.835,"y":0},"n":"0p171_1_0p835_0","t":522,"s":[-23.991,28.764,0],"e":[29.759,-20.986,0],"to":[5.375,-4.83333349227905,0],"ti":[-3.58333325386047,3.45833325386047,0]},{"i":{"x":0.171,"y":1},"o":{"x":0.835,"y":0},"n":"0p171_1_0p835_0","t":552,"s":[29.759,-20.986,0],"e":[-2.491,8.014,0],"to":[3.58333325386047,-3.45833325386047,0],"ti":[5.375,-4.83333349227905,0]},{"t":582,"s":[-2.491,8.014,0],"h":1}]},"a":{"a":0,"k":[80.662,353.965,0]},"s":{"a":0,"k":[100,100,100]}},"ao":0,"shapes":[{"ty":"gr","it":[{"ind":0,"ty":"sh","ix":1,"ks":{"a":0,"k":{"i":[[0,0],[0,0]],"o":[[0,0],[0,0]],"v":[[91.129,356.234],[99.073,356.234]],"c":false}},"nm":"Path 5","mn":"ADBE Vector Shape - Group"},{"ind":1,"ty":"sh","ix":2,"ks":{"a":0,"k":{"i":[[0,0],[0,0]],"o":[[0,0],[0,0]],"v":[[81.328,356.234],[89.272,356.234]],"c":false}},"nm":"Path 6","mn":"ADBE Vector Shape - Group"},{"ind":2,"ty":"sh","ix":3,"ks":{"a":0,"k":{"i":[[0,0],[0,0]],"o":[[0,0],[0,0]],"v":[[71.526,356.234],[79.47,356.234]],"c":false}},"nm":"Path 4","mn":"ADBE Vector Shape - Group"},{"ind":3,"ty":"sh","ix":4,"ks":{"a":0,"k":{"i":[[0,0],[0,0]],"o":[[0,0],[0,0]],"v":[[78.117,363.579],[82.184,363.579]],"c":false}},"nm":"Path 3","mn":"ADBE Vector Shape - Group"},{"ind":4,"ty":"sh","ix":5,"ks":{"a":0,"k":{"i":[[0,0],[0,0]],"o":[[0,0],[0,0]],"v":[[61.725,363.579],[74.982,363.579]],"c":false}},"nm":"Path 2","mn":"ADBE Vector Shape - Group"},{"ind":5,"ty":"sh","ix":6,"ks":{"a":0,"k":{"i":[[0,0],[0,0]],"o":[[0,0],[0,0]],"v":[[61.725,356.234],[69.669,356.234]],"c":false}},"nm":"Path 1","mn":"ADBE Vector Shape - Group"},{"ty":"st","c":{"a":0,"k":[0.654,0.282,0.203,1]},"o":{"a":0,"k":100},"w":{"a":0,"k":2},"lc":2,"lj":1,"ml":10,"nm":"Stroke 1","mn":"ADBE Vector Graphic - Stroke"},{"ty":"fl","c":{"a":0,"k":[1,1,1,1]},"o":{"a":0,"k":100},"r":1,"nm":"Fill 1","mn":"ADBE Vector Graphic - Fill"},{"ty":"tr","p":{"a":0,"k":[80.399,359.906],"ix":2},"a":{"a":0,"k":[80.399,359.906],"ix":1},"s":{"a":0,"k":[100,100],"ix":3},"r":{"a":0,"k":0,"ix":6},"o":{"a":0,"k":100,"ix":7},"sk":{"a":0,"k":0,"ix":4},"sa":{"a":0,"k":0,"ix":5},"nm":"Transform"}],"nm":"TXT","np":8,"cix":2,"ix":1,"mn":"ADBE Vector Group"},{"ty":"gr","it":[{"ind":0,"ty":"sh","ix":1,"ks":{"a":0,"k":{"i":[[0,-0.699],[0.699,0],[0,0.699],[-0.699,0]],"o":[[0,0.699],[-0.699,0],[0,-0.699],[0.699,0]],"v":[[66.846,350.067],[65.58,351.333],[64.314,350.067],[65.58,348.801]],"c":true}},"nm":"Path 1","mn":"ADBE Vector Shape - Group"},{"ind":1,"ty":"sh","ix":2,"ks":{"a":0,"k":{"i":[[0,0],[0,0]],"o":[[0,0],[0,0]],"v":[[61.559,350.067],[69.527,350.067]],"c":false}},"nm":"Path 2","mn":"ADBE Vector Shape - Group"},{"ty":"st","c":{"a":0,"k":[0.654,0.282,0.203,1]},"o":{"a":0,"k":100},"w":{"a":0,"k":1},"lc":1,"lj":1,"ml":10,"nm":"Stroke 2","mn":"ADBE Vector Graphic - Stroke"},{"ty":"tr","p":{"a":0,"k":[65.543,350.067],"ix":2},"a":{"a":0,"k":[65.543,350.067],"ix":1},"s":{"a":0,"k":[100,100],"ix":3},"r":{"a":0,"k":0,"ix":6},"o":{"a":0,"k":100,"ix":7},"sk":{"a":0,"k":0,"ix":4},"sa":{"a":0,"k":0,"ix":5},"nm":"Transform"}],"nm":"Group 11","np":3,"cix":2,"ix":2,"mn":"ADBE Vector Group"},{"ty":"gr","it":[{"ind":0,"ty":"sh","ix":1,"ks":{"a":0,"k":{"i":[[0.968,0],[0,0],[0,0.968],[0,0],[-0.969,0],[0,0],[0,-0.968],[0,0]],"o":[[0,0],[-0.969,0],[0,0],[0,-0.968],[0,0],[0.968,0],[0,0],[0,0.968]],"v":[[2.23,2.656],[-2.23,2.656],[-3.984,0.903],[-3.984,-0.903],[-2.23,-2.656],[2.23,-2.656],[3.984,-0.903],[3.984,0.903]],"c":true}},"nm":"Path 1","mn":"ADBE Vector Shape - Group"},{"ty":"st","c":{"a":0,"k":[0.654,0.282,0.203,1]},"o":{"a":0,"k":100},"w":{"a":0,"k":1},"lc":1,"lj":1,"ml":10,"nm":"Stroke 1","mn":"ADBE Vector Graphic - Stroke"},{"ty":"fl","c":{"a":0,"k":[1,1,1,1]},"o":{"a":0,"k":100},"r":1,"nm":"Fill 1","mn":"ADBE Vector Graphic - Fill"},{"ty":"tr","p":{"a":0,"k":[65.58,350.067],"ix":2},"a":{"a":0,"k":[0,0],"ix":1},"s":{"a":0,"k":[100,100],"ix":3},"r":{"a":0,"k":0,"ix":6},"o":{"a":0,"k":100,"ix":7},"sk":{"a":0,"k":0,"ix":4},"sa":{"a":0,"k":0,"ix":5},"nm":"Transform"}],"nm":"Group 9","np":3,"cix":2,"ix":3,"mn":"ADBE Vector Group"},{"ty":"gr","it":[{"ind":0,"ty":"sh","ix":1,"ks":{"a":0,"k":{"i":[[1.283,0],[0,0],[0,1.283],[0,0],[-1.283,0],[0,0],[0,-1.283],[0,0]],"o":[[0,0],[-1.283,0],[0,0],[0,-1.283],[0,0],[1.283,0],[0,0],[0,1.283]],"v":[[20.806,15.438],[-20.806,15.438],[-23.129,13.115],[-23.129,-13.114],[-20.806,-15.438],[20.806,-15.438],[23.129,-13.114],[23.129,13.115]],"c":true}},"nm":"Path 1","mn":"ADBE Vector Shape - Group"},{"ty":"st","c":{"a":0,"k":[0.654,0.282,0.203,1]},"o":{"a":0,"k":100},"w":{"a":0,"k":2},"lc":1,"lj":1,"ml":10,"nm":"Stroke 1","mn":"ADBE Vector Graphic - Stroke"},{"ty":"fl","c":{"a":0,"k":[1,0.945,0.667,1]},"o":{"a":0,"k":100},"r":1,"nm":"Fill 1","mn":"ADBE Vector Graphic - Fill"},{"ty":"st","c":{"a":0,"k":[1,1,1,1]},"o":{"a":0,"k":100},"w":{"a":0,"k":7},"lc":1,"lj":1,"ml":4,"nm":"Stroke 2","mn":"ADBE Vector Graphic - Stroke"},{"ty":"tr","p":{"a":0,"k":[80.662,353.965],"ix":2},"a":{"a":0,"k":[0,0],"ix":1},"s":{"a":0,"k":[100,100],"ix":3},"r":{"a":0,"k":0,"ix":6},"o":{"a":0,"k":100,"ix":7},"sk":{"a":0,"k":0,"ix":4},"sa":{"a":0,"k":0,"ix":5},"nm":"Transform"}],"nm":"Group 10","np":4,"cix":2,"ix":4,"mn":"ADBE Vector Group"}],"ip":0,"op":600,"st":0,"bm":0,"sr":1},{"ddd":0,"ind":4,"ty":4,"nm":"W","parent":1,"ks":{"o":{"a":1,"k":[{"i":{"x":[0.833],"y":[0.833]},"o":{"x":[0.167],"y":[0.167]},"n":["0p833_0p833_0p167_0p167"],"t":0,"s":[100],"e":[100]},{"i":{"x":[0.833],"y":[0.833]},"o":{"x":[0.167],"y":[0.167]},"n":["0p833_0p833_0p167_0p167"],"t":29,"s":[100],"e":[0]},{"i":{"x":[0.833],"y":[0.833]},"o":{"x":[0.167],"y":[0.167]},"n":["0p833_0p833_0p167_0p167"],"t":30,"s":[0],"e":[0]},{"i":{"x":[0.833],"y":[0.833]},"o":{"x":[0.167],"y":[0.167]},"n":["0p833_0p833_0p167_0p167"],"t":59,"s":[0],"e":[100]},{"i":{"x":[0.833],"y":[0.833]},"o":{"x":[0.167],"y":[0.167]},"n":["0p833_0p833_0p167_0p167"],"t":60,"s":[100],"e":[100]},{"t":90,"s":[100],"h":1},{"i":{"x":[0.833],"y":[0.833]},"o":{"x":[0.167],"y":[0.167]},"n":["0p833_0p833_0p167_0p167"],"t":91,"s":[100],"e":[100]},{"i":{"x":[0.833],"y":[0.833]},"o":{"x":[0.167],"y":[0.167]},"n":["0p833_0p833_0p167_0p167"],"t":180,"s":[100],"e":[100]},{"i":{"x":[0.833],"y":[0.833]},"o":{"x":[0.167],"y":[0.167]},"n":["0p833_0p833_0p167_0p167"],"t":209,"s":[100],"e":[0]},{"i":{"x":[0.833],"y":[0.833]},"o":{"x":[0.167],"y":[0.167]},"n":["0p833_0p833_0p167_0p167"],"t":210,"s":[0],"e":[0]},{"i":{"x":[0.833],"y":[0.833]},"o":{"x":[0.167],"y":[0.167]},"n":["0p833_0p833_0p167_0p167"],"t":239,"s":[0],"e":[100]},{"i":{"x":[0.833],"y":[0.833]},"o":{"x":[0.167],"y":[0.167]},"n":["0p833_0p833_0p167_0p167"],"t":240,"s":[100],"e":[100]},{"t":270,"s":[100],"h":1},{"i":{"x":[0.833],"y":[0.833]},"o":{"x":[0.167],"y":[0.167]},"n":["0p833_0p833_0p167_0p167"],"t":361,"s":[100],"e":[100]},{"i":{"x":[0.833],"y":[0.833]},"o":{"x":[0.167],"y":[0.167]},"n":["0p833_0p833_0p167_0p167"],"t":390,"s":[100],"e":[0]},{"i":{"x":[0.833],"y":[0.833]},"o":{"x":[0.167],"y":[0.167]},"n":["0p833_0p833_0p167_0p167"],"t":391,"s":[0],"e":[0]},{"i":{"x":[0.833],"y":[0.833]},"o":{"x":[0.167],"y":[0.167]},"n":["0p833_0p833_0p167_0p167"],"t":420,"s":[0],"e":[100]},{"i":{"x":[0.833],"y":[0.833]},"o":{"x":[0.167],"y":[0.167]},"n":["0p833_0p833_0p167_0p167"],"t":421,"s":[100],"e":[100]},{"t":451,"s":[100],"h":1},{"i":{"x":[0.833],"y":[0.833]},"o":{"x":[0.167],"y":[0.167]},"n":["0p833_0p833_0p167_0p167"],"t":492,"s":[100],"e":[100]},{"i":{"x":[0.833],"y":[0.833]},"o":{"x":[0.167],"y":[0.167]},"n":["0p833_0p833_0p167_0p167"],"t":521,"s":[100],"e":[0]},{"i":{"x":[0.833],"y":[0.833]},"o":{"x":[0.167],"y":[0.167]},"n":["0p833_0p833_0p167_0p167"],"t":522,"s":[0],"e":[0]},{"i":{"x":[0.833],"y":[0.833]},"o":{"x":[0.167],"y":[0.167]},"n":["0p833_0p833_0p167_0p167"],"t":551,"s":[0],"e":[100]},{"i":{"x":[0.833],"y":[0.833]},"o":{"x":[0.167],"y":[0.167]},"n":["0p833_0p833_0p167_0p167"],"t":552,"s":[100],"e":[100]},{"t":582,"s":[100],"h":1}]},"r":{"a":1,"k":[{"i":{"x":[0.338],"y":[1]},"o":{"x":[0.667],"y":[0]},"n":["0p338_1_0p667_0"],"t":0,"s":[0],"e":[-360]},{"t":90,"s":[-360],"h":1},{"i":{"x":[0.667],"y":[1]},"o":{"x":[0.667],"y":[0]},"n":["0p667_1_0p667_0"],"t":91,"s":[0],"e":[0]},{"i":{"x":[0.338],"y":[1]},"o":{"x":[0.667],"y":[0]},"n":["0p338_1_0p667_0"],"t":180,"s":[0],"e":[-360]},{"t":270,"s":[-360],"h":1},{"i":{"x":[0.667],"y":[1]},"o":{"x":[0.667],"y":[0]},"n":["0p667_1_0p667_0"],"t":271,"s":[0],"e":[0]},{"i":{"x":[0.338],"y":[1]},"o":{"x":[0.667],"y":[0]},"n":["0p338_1_0p667_0"],"t":361,"s":[0],"e":[-360]},{"t":451,"s":[-360],"h":1},{"i":{"x":[0.667],"y":[1]},"o":{"x":[0.667],"y":[0]},"n":["0p667_1_0p667_0"],"t":452,"s":[0],"e":[0]},{"i":{"x":[0.338],"y":[1]},"o":{"x":[0.667],"y":[0]},"n":["0p338_1_0p667_0"],"t":492,"s":[0],"e":[-360]},{"t":582,"s":[-360],"h":1},{"t":583,"s":[-360],"h":1}]},"p":{"a":1,"k":[{"i":{"x":0.171,"y":1},"o":{"x":0.835,"y":0},"n":"0p171_1_0p835_0","t":0,"s":[9.835,-3.562,0],"e":[29.585,-23.562,0],"to":[3.29166674613953,-3.33333325386047,0],"ti":[4.875,-5.25,0]},{"i":{"x":0.171,"y":1},"o":{"x":0.835,"y":0},"n":"0p171_1_0p835_0","t":30,"s":[29.585,-23.562,0],"e":[-19.415,27.938,0],"to":[-4.875,5.25,0],"ti":[3.29166674613953,-3.33333325386047,0]},{"i":{"x":0.171,"y":1},"o":{"x":0.835,"y":0},"n":"0p171_1_0p835_0","t":60,"s":[-19.415,27.938,0],"e":[9.835,-3.562,0],"to":[-3.29166674613953,3.33333325386047,0],"ti":[-4.875,5.25,0]},{"t":90,"s":[9.835,-3.562,0],"h":1},{"i":{"x":0.171,"y":1},"o":{"x":0.835,"y":0},"n":"0p171_1_0p835_0","t":180,"s":[9.835,-3.562,0],"e":[29.585,-23.562,0],"to":[3.29166674613953,-3.33333325386047,0],"ti":[4.875,-5.25,0]},{"i":{"x":0.171,"y":1},"o":{"x":0.835,"y":0},"n":"0p171_1_0p835_0","t":210,"s":[29.585,-23.562,0],"e":[-19.415,27.938,0],"to":[-4.875,5.25,0],"ti":[3.29166674613953,-3.33333325386047,0]},{"i":{"x":0.171,"y":1},"o":{"x":0.835,"y":0},"n":"0p171_1_0p835_0","t":240,"s":[-19.415,27.938,0],"e":[9.835,-3.562,0],"to":[-3.29166674613953,3.33333325386047,0],"ti":[-4.875,5.25,0]},{"t":270,"s":[9.835,-3.562,0],"h":1},{"i":{"x":0.171,"y":1},"o":{"x":0.835,"y":0},"n":"0p171_1_0p835_0","t":361,"s":[9.835,-3.562,0],"e":[29.585,-23.562,0],"to":[3.29166674613953,-3.33333325386047,0],"ti":[4.875,-5.25,0]},{"i":{"x":0.171,"y":1},"o":{"x":0.835,"y":0},"n":"0p171_1_0p835_0","t":391,"s":[29.585,-23.562,0],"e":[-19.415,27.938,0],"to":[-4.875,5.25,0],"ti":[3.29166674613953,-3.33333325386047,0]},{"i":{"x":0.171,"y":1},"o":{"x":0.835,"y":0},"n":"0p171_1_0p835_0","t":421,"s":[-19.415,27.938,0],"e":[9.835,-3.562,0],"to":[-3.29166674613953,3.33333325386047,0],"ti":[-4.875,5.25,0]},{"t":451,"s":[9.835,-3.562,0],"h":1},{"i":{"x":0.171,"y":1},"o":{"x":0.835,"y":0},"n":"0p171_1_0p835_0","t":492,"s":[9.835,-3.562,0],"e":[29.585,-23.562,0],"to":[3.29166674613953,-3.33333325386047,0],"ti":[4.875,-5.25,0]},{"i":{"x":0.171,"y":1},"o":{"x":0.835,"y":0},"n":"0p171_1_0p835_0","t":522,"s":[29.585,-23.562,0],"e":[-19.415,27.938,0],"to":[-4.875,5.25,0],"ti":[3.29166674613953,-3.33333325386047,0]},{"i":{"x":0.171,"y":1},"o":{"x":0.835,"y":0},"n":"0p171_1_0p835_0","t":552,"s":[-19.415,27.938,0],"e":[9.835,-3.562,0],"to":[-3.29166674613953,3.33333325386047,0],"ti":[-4.875,5.25,0]},{"t":582,"s":[9.835,-3.562,0],"h":1}]},"a":{"a":0,"k":[92.987,342.39,0]},"s":{"a":0,"k":[100,100,100]}},"ao":0,"shapes":[{"ty":"gr","it":[{"ty":"gr","it":[{"ind":0,"ty":"sh","ix":1,"ks":{"a":0,"k":{"i":[[0,0],[0,0],[0,0],[0,0]],"o":[[0,0],[0,0],[0,0],[0,0]],"v":[[22.6,-5.322],[-23.195,1.005],[-22.599,5.322],[23.195,-1.006]],"c":true}},"nm":"Path 1","mn":"ADBE Vector Shape - Group"},{"ty":"fl","c":{"a":0,"k":[0.654,0.282,0.203,1]},"o":{"a":0,"k":100},"r":1,"nm":"Fill 1","mn":"ADBE Vector Graphic - Fill"},{"ty":"tr","p":{"a":0,"k":[91.987,334.951],"ix":2},"a":{"a":0,"k":[0,0],"ix":1},"s":{"a":0,"k":[100,100],"ix":3},"r":{"a":0,"k":0,"ix":6},"o":{"a":0,"k":100,"ix":7},"sk":{"a":0,"k":0,"ix":4},"sa":{"a":0,"k":0,"ix":5},"nm":"Transform"}],"nm":"Group 11","np":2,"cix":2,"ix":1,"mn":"ADBE Vector Group"},{"ty":"gr","it":[{"ind":0,"ty":"sh","ix":1,"ks":{"a":0,"k":{"i":[[1.271,-0.175],[0,0],[0.175,1.271],[0,0],[-1.271,0.175],[0,0],[-0.175,-1.27],[0,0]],"o":[[0,0],[-1.271,0.176],[0,0],[-0.175,-1.27],[0,0],[1.271,-0.176],[0,0],[0.176,1.271]],"v":[[22.723,12.444],[-18.497,18.139],[-21.117,16.156],[-24.706,-9.827],[-22.723,-12.444],[18.497,-18.139],[21.116,-16.158],[24.706,9.826]],"c":true}},"nm":"Path 1","mn":"ADBE Vector Shape - Group"},{"ty":"st","c":{"a":0,"k":[0.654,0.282,0.203,1]},"o":{"a":0,"k":100},"w":{"a":0,"k":2},"lc":1,"lj":1,"ml":10,"nm":"Stroke 1","mn":"ADBE Vector Graphic - Stroke"},{"ty":"fl","c":{"a":0,"k":[1,1,1,1]},"o":{"a":0,"k":100},"r":1,"nm":"Fill 1","mn":"ADBE Vector Graphic - Fill"},{"ty":"tr","p":{"a":0,"k":[92.987,342.39],"ix":2},"a":{"a":0,"k":[0,0],"ix":1},"s":{"a":0,"k":[100,100],"ix":3},"r":{"a":0,"k":0,"ix":6},"o":{"a":0,"k":100,"ix":7},"sk":{"a":0,"k":0,"ix":4},"sa":{"a":0,"k":0,"ix":5},"nm":"Transform"}],"nm":"Group 12","np":3,"cix":2,"ix":2,"mn":"ADBE Vector Group"},{"ty":"st","c":{"a":0,"k":[1,1,1,1]},"o":{"a":0,"k":100},"w":{"a":0,"k":7},"lc":1,"lj":1,"ml":4,"nm":"Stroke 1","mn":"ADBE Vector Graphic - Stroke"},{"ty":"tr","p":{"a":0,"k":[0,0],"ix":2},"a":{"a":0,"k":[0,0],"ix":1},"s":{"a":0,"k":[100,100],"ix":3},"r":{"a":0,"k":0,"ix":6},"o":{"a":0,"k":100,"ix":7},"sk":{"a":0,"k":0,"ix":4},"sa":{"a":0,"k":0,"ix":5},"nm":"Transform"}],"nm":"W","np":3,"cix":2,"ix":1,"mn":"ADBE Vector Group"}],"ip":0,"op":615,"st":0,"bm":0,"sr":1}]}
